date,adj_close,close,high,low,open,volume
2016-08-17,0.07,NULL,NULL,NULL,NULL,0
2017-07-07,1.43,NULL,NULL,NULL,NULL,0
2017-07-10,1.36,NULL,NULL,NULL,NULL,0
2017-07-11,1.18,NULL,NULL,NULL,NULL,0
2017-07-12,1.12,NULL,NULL,NULL,NULL,0
2017-07-13,1.11,NULL,NULL,NULL,NULL,0
2017-07-14,1.02,NULL,NULL,NULL,NULL,0
2017-07-17,0.86,0.85,0.85,0.85,0.85,10000
2017-07-18,1.00,0.95,0.95,0.92,0.92,13000
2017-07-19,0.86,0.83,0.90,0.83,0.90,13000
2017-07-20,0.79,0.78,0.78,0.78,0.78,10000
2017-07-21,0.77,NULL,NULL,NULL,NULL,0
2017-07-24,0.77,0.81,0.81,0.81,0.81,3000
2017-07-25,0.73,0.74,0.74,0.74,0.74,3000
2017-07-26,0.81,0.84,0.84,0.84,0.84,2000
2017-07-27,0.83,NULL,NULL,NULL,NULL,0
2017-07-28,0.80,0.78,0.78,0.78,0.78,2000
2017-07-31,0.76,NULL,NULL,NULL,NULL,0
2017-08-01,0.69,NULL,NULL,NULL,NULL,0
2017-08-02,0.62,NULL,NULL,NULL,NULL,0
2017-08-03,0.69,0.68,0.69,0.68,0.69,14000
2017-08-04,0.72,0.75,0.75,0.75,0.75,14000
2017-08-07,0.77,NULL,NULL,NULL,NULL,0
2017-08-08,0.78,NULL,NULL,NULL,NULL,0
2017-08-09,0.77,0.78,0.78,0.77,0.77,14000
2017-08-10,0.91,0.83,0.83,0.83,0.83,14000
2017-08-11,1.01,NULL,NULL,NULL,NULL,0
2017-08-14,0.93,NULL,NULL,NULL,NULL,0
2017-08-15,0.83,NULL,NULL,NULL,NULL,0
2017-08-16,0.87,NULL,NULL,NULL,NULL,0
2017-08-17,0.84,NULL,NULL,NULL,NULL,0
2017-08-18,0.80,NULL,NULL,NULL,NULL,0
2017-08-21,0.76,NULL,NULL,NULL,NULL,0
2017-08-22,0.70,NULL,NULL,NULL,NULL,0
2017-08-23,0.61,NULL,NULL,NULL,NULL,0
2017-08-24,0.60,NULL,NULL,NULL,NULL,0
2017-08-25,0.48,NULL,NULL,NULL,NULL,0
2017-08-28,0.37,NULL,NULL,NULL,NULL,0
2017-08-29,0.37,NULL,NULL,NULL,NULL,0
2017-08-30,0.36,NULL,NULL,NULL,NULL,0
2017-08-31,0.42,NULL,NULL,NULL,NULL,0
2017-09-01,0.42,NULL,NULL,NULL,NULL,0
2017-09-04,0.39,NULL,NULL,NULL,NULL,0
2017-09-05,0.34,NULL,NULL,NULL,NULL,0
2017-09-06,0.36,NULL,NULL,NULL,NULL,0
2017-09-07,0.38,NULL,NULL,NULL,NULL,0
2017-09-08,0.41,NULL,NULL,NULL,NULL,0
2017-09-11,0.40,NULL,NULL,NULL,NULL,0
2017-09-12,0.41,NULL,NULL,NULL,NULL,0
2017-09-13,0.37,NULL,NULL,NULL,NULL,0
2017-09-14,0.40,NULL,NULL,NULL,NULL,0
2017-09-15,0.41,NULL,NULL,NULL,NULL,0
2017-09-18,0.37,NULL,NULL,NULL,NULL,0
2017-09-19,0.39,NULL,NULL,NULL,NULL,0
2017-09-20,0.36,NULL,NULL,NULL,NULL,0
2017-09-21,0.33,NULL,NULL,NULL,NULL,0
2017-09-22,0.35,NULL,NULL,NULL,NULL,0
2017-09-25,0.36,NULL,NULL,NULL,NULL,0
2017-09-26,0.33,NULL,NULL,NULL,NULL,0
2017-09-27,0.33,NULL,NULL,NULL,NULL,0
2017-09-28,0.33,NULL,NULL,NULL,NULL,0
2017-09-29,0.29,NULL,NULL,NULL,NULL,0
2017-09-30,0.28,NULL,NULL,NULL,NULL,0
2017-10-02,0.25,NULL,NULL,NULL,NULL,0
2017-10-03,0.20,NULL,NULL,NULL,NULL,0
2017-10-05,0.15,NULL,NULL,NULL,NULL,0
2017-10-06,0.14,NULL,NULL,NULL,NULL,0
2017-10-11,0.17,NULL,NULL,NULL,NULL,0
2017-10-12,0.15,NULL,NULL,NULL,NULL,0
2017-10-13,0.14,NULL,NULL,NULL,NULL,0
2017-10-16,0.12,NULL,NULL,NULL,NULL,0
2017-10-17,0.12,NULL,NULL,NULL,NULL,0
2017-10-18,0.11,NULL,NULL,NULL,NULL,0
2017-10-19,0.09,NULL,NULL,NULL,NULL,0
2017-10-20,0.09,NULL,NULL,NULL,NULL,0
2017-10-23,0.09,NULL,NULL,NULL,NULL,0
2017-10-24,0.07,NULL,NULL,NULL,NULL,0
2017-10-25,0.06,NULL,NULL,NULL,NULL,0
2017-10-26,0.04,NULL,NULL,NULL,NULL,0
2017-10-27,0.03,NULL,NULL,NULL,NULL,0
2017-10-30,0.02,NULL,NULL,NULL,NULL,0
2017-10-31,0.02,NULL,NULL,NULL,NULL,0
2017-11-01,0.02,NULL,NULL,NULL,NULL,0
2017-11-02,0.02,NULL,NULL,NULL,NULL,0
2017-11-03,0.02,NULL,NULL,NULL,NULL,0
2017-11-06,0.01,NULL,NULL,NULL,NULL,0
2017-11-07,0.01,NULL,NULL,NULL,NULL,0
2017-11-08,NULL,NULL,NULL,NULL,NULL,0
2017-11-09,NULL,NULL,NULL,NULL,NULL,0
2017-11-10,NULL,NULL,NULL,NULL,NULL,0
2017-11-13,NULL,NULL,NULL,NULL,NULL,0
2017-11-14,NULL,NULL,NULL,NULL,NULL,0
2017-11-15,NULL,NULL,NULL,NULL,NULL,0
2017-11-16,NULL,NULL,NULL,NULL,NULL,0
2017-11-17,NULL,NULL,NULL,NULL,NULL,0
2017-11-20,NULL,NULL,NULL,NULL,NULL,0
2017-11-21,NULL,NULL,NULL,NULL,NULL,0
2017-11-22,NULL,NULL,NULL,NULL,NULL,0
2017-11-23,NULL,NULL,NULL,NULL,NULL,0
2017-11-24,NULL,NULL,NULL,NULL,NULL,0
2017-11-27,NULL,NULL,NULL,NULL,NULL,0
2017-11-28,NULL,NULL,NULL,NULL,NULL,0
2017-11-29,NULL,NULL,NULL,NULL,NULL,0
2017-11-30,NULL,NULL,NULL,NULL,NULL,0
2017-12-01,NULL,NULL,NULL,NULL,NULL,0
2017-12-04,NULL,NULL,NULL,NULL,NULL,0
2017-12-05,NULL,NULL,NULL,NULL,NULL,0
2017-12-06,NULL,NULL,NULL,NULL,NULL,0
2017-12-07,NULL,NULL,NULL,NULL,NULL,0
2017-12-08,NULL,NULL,NULL,NULL,NULL,0
2017-12-11,NULL,NULL,NULL,NULL,NULL,0
2017-12-12,NULL,NULL,NULL,NULL,NULL,0
2017-12-13,NULL,NULL,NULL,NULL,NULL,0
2017-12-14,NULL,NULL,NULL,NULL,NULL,0
2017-12-15,NULL,NULL,NULL,NULL,NULL,0
2017-12-18,NULL,NULL,NULL,NULL,NULL,0
2017-12-19,NULL,NULL,NULL,NULL,NULL,0
2017-12-20,NULL,NULL,NULL,NULL,NULL,0
2017-12-21,NULL,NULL,NULL,NULL,NULL,0
2017-12-22,NULL,NULL,NULL,NULL,NULL,0
2018-10-04,1.39,1.38,1.38,1.37,1.37,11000
2018-10-05,1.47,1.50,1.53,1.44,1.44,104000
2018-10-08,1.69,1.69,1.70,1.53,1.55,580000
2018-10-09,1.75,1.71,1.72,1.66,1.66,497000
2018-10-11,2.09,NULL,NULL,NULL,NULL,0
2018-10-12,2.05,2.03,2.03,2.03,2.03,90000
2018-10-15,2.07,NULL,NULL,NULL,NULL,0
2018-10-16,1.97,2.00,2.00,2.00,2.00,8000
2018-10-17,2.01,2.02,2.02,1.91,1.91,16000
2018-10-18,1.95,1.99,1.99,1.99,1.99,8000
2018-10-19,1.94,2.09,2.09,2.05,2.05,32000
2018-10-22,1.83,1.99,1.99,1.99,1.99,32000
2018-10-23,1.77,1.86,1.86,1.81,1.83,107000
2018-10-24,1.65,1.67,1.79,1.67,1.76,105000
2018-10-25,1.74,1.74,1.74,1.74,1.74,12000
2018-10-26,1.79,NULL,NULL,NULL,NULL,0
2018-10-29,1.84,NULL,NULL,NULL,NULL,0
2018-10-30,1.99,NULL,NULL,NULL,NULL,0
2018-10-31,1.92,2.04,2.04,2.04,2.04,10000
2018-11-01,1.82,NULL,NULL,NULL,NULL,0
2018-11-02,1.75,NULL,NULL,NULL,NULL,0
2018-11-05,1.46,NULL,NULL,NULL,NULL,0
2018-11-06,1.64,NULL,NULL,NULL,NULL,0
2018-11-07,1.05,1.36,1.36,1.36,1.36,10000
2018-11-08,1.29,1.29,1.30,1.21,1.21,130000
2018-11-09,1.31,1.36,1.36,1.32,1.33,40000
2018-11-12,1.26,1.27,1.28,1.21,1.21,115000
2018-11-13,1.13,1.13,1.28,1.10,1.28,364000
2018-11-14,0.95,0.95,1.04,0.90,1.00,386000
2018-11-15,0.97,0.96,0.99,0.88,0.93,556000
2018-11-16,1.00,1.01,1.05,0.93,0.94,238000
2018-11-19,1.11,1.12,1.65,1.03,1.03,819000
2018-11-20,1.17,1.18,1.18,1.09,1.18,188000
2018-11-21,1.15,1.22,1.22,1.12,1.16,165000
2018-11-22,1.20,1.20,1.20,1.11,1.12,176000
2018-11-23,1.18,1.18,1.18,1.13,1.15,51000
2018-11-26,1.15,1.15,1.18,1.04,1.08,93000
2018-11-27,1.13,1.13,1.14,1.11,1.13,35000
2018-11-28,1.03,1.05,1.09,0.99,1.09,354000
2018-11-29,1.14,1.15,1.15,0.92,0.94,396000
2018-11-30,1.07,1.06,1.15,1.03,1.08,872000
2018-12-03,0.73,0.82,1.00,0.82,0.96,397000
2018-12-04,0.71,0.73,0.84,0.66,0.76,1132000
2018-12-05,0.71,0.71,0.80,0.67,0.80,917000
2018-12-06,0.86,0.87,0.90,0.72,0.72,921000
2018-12-07,0.63,0.63,0.82,0.62,0.80,1619000
2018-12-10,0.56,0.56,0.70,0.44,0.61,3588000
2018-12-11,0.39,0.40,0.53,0.40,0.50,3310000
2018-12-12,0.40,0.41,0.44,0.35,0.35,1304000
2018-12-13,0.48,0.48,0.50,0.42,0.42,1746000
2018-12-14,0.52,0.52,0.58,0.49,0.49,1390000
2018-12-17,0.51,0.53,0.58,0.48,0.50,434000
2018-12-19,0.60,0.60,0.64,0.55,0.56,422000
2018-12-20,0.62,0.66,0.66,0.55,0.58,799000
2018-12-21,0.51,0.51,0.62,0.51,0.59,95000
2018-12-22,0.54,NULL,NULL,NULL,NULL,0
2018-12-24,0.50,0.50,0.52,0.50,0.52,43000
2018-12-25,0.55,0.57,0.59,0.55,0.59,109000
2018-12-26,0.73,0.72,0.72,0.56,0.56,175000
2018-12-27,0.66,0.67,0.67,0.60,0.63,36000
2018-12-28,0.70,0.70,0.73,0.70,0.73,7000
2019-01-02,0.61,0.60,0.61,0.60,0.61,10000
2019-01-03,0.61,0.68,0.68,0.68,0.68,2000
2019-01-04,0.63,0.63,0.63,0.59,0.59,3000
2019-01-07,0.54,0.54,0.64,0.54,0.64,35000
2019-01-08,0.51,NULL,NULL,NULL,NULL,0
2019-01-09,0.60,NULL,NULL,NULL,NULL,0
2019-01-10,0.55,0.55,0.55,0.55,0.55,10000
2019-01-11,0.60,NULL,NULL,NULL,NULL,0
2019-01-14,0.53,0.54,0.61,0.54,0.61,15000
2019-01-15,0.51,0.55,0.55,0.55,0.55,10000
2019-01-18,0.35,0.37,0.40,0.37,0.40,60000
2019-01-21,0.37,NULL,NULL,NULL,NULL,0
2019-01-22,0.41,0.44,0.44,0.44,0.44,20000
2019-01-23,0.39,NULL,NULL,NULL,NULL,0
2019-01-24,0.34,NULL,NULL,NULL,NULL,0
2019-01-25,0.34,NULL,NULL,NULL,NULL,0
2019-01-28,0.32,NULL,NULL,NULL,NULL,0
2019-01-29,0.30,NULL,NULL,NULL,NULL,0
2019-01-30,0.31,0.30,0.30,0.27,0.27,70000
2019-02-11,0.23,0.25,0.25,0.25,0.25,10000
2019-02-12,0.17,0.18,0.19,0.18,0.19,110000
2019-02-13,0.19,NULL,NULL,NULL,NULL,0
2019-02-14,0.18,0.15,0.15,0.15,0.15,10000
2019-02-15,0.18,0.19,0.19,0.17,0.17,68000
2019-02-18,0.18,0.18,0.18,0.16,0.16,91000
2019-02-19,0.16,0.16,0.16,0.16,0.16,10000
2019-02-20,0.15,NULL,NULL,NULL,NULL,0
2019-02-21,0.18,NULL,NULL,NULL,NULL,0
2019-02-22,0.20,NULL,NULL,NULL,NULL,0
2019-02-25,0.15,NULL,NULL,NULL,NULL,0
2019-02-26,0.11,0.13,0.15,0.12,0.15,70000
2019-02-27,0.12,0.12,0.12,0.12,0.12,13000
2019-03-04,0.09,NULL,NULL,NULL,NULL,0
2019-03-05,0.09,0.09,0.09,0.08,0.08,370000
2019-03-06,0.09,NULL,NULL,NULL,NULL,0
2019-03-07,0.09,NULL,NULL,NULL,NULL,0
2019-03-08,0.12,NULL,NULL,NULL,NULL,0
2019-03-11,0.10,NULL,NULL,NULL,NULL,0
2019-03-12,0.10,NULL,NULL,NULL,NULL,0
2019-03-13,0.09,NULL,NULL,NULL,NULL,0
2019-03-14,0.07,NULL,NULL,NULL,NULL,0
2019-03-15,0.05,NULL,NULL,NULL,NULL,0
2019-03-18,0.02,NULL,NULL,NULL,NULL,0
2019-03-19,0.01,NULL,NULL,NULL,NULL,0
2019-03-20,NULL,NULL,NULL,NULL,NULL,0
2019-03-21,NULL,NULL,NULL,NULL,NULL,0
2019-03-22,NULL,NULL,NULL,NULL,NULL,0
2019-03-25,NULL,NULL,NULL,NULL,NULL,0
2019-03-26,NULL,NULL,NULL,NULL,NULL,0
2019-03-27,NULL,NULL,NULL,NULL,NULL,0
2019-03-28,NULL,NULL,NULL,NULL,NULL,0
2019-03-29,NULL,NULL,NULL,NULL,NULL,0
2019-04-01,NULL,NULL,NULL,NULL,NULL,0
2019-09-16,1.31,NULL,NULL,NULL,NULL,0
2019-09-17,1.36,NULL,NULL,NULL,NULL,0
2019-09-18,1.33,1.33,1.33,1.33,1.33,25000
2019-09-19,1.36,1.32,1.33,1.32,1.33,15000
2019-09-20,1.30,1.31,1.32,1.31,1.32,60000
2019-09-23,1.41,NULL,NULL,NULL,NULL,0
2019-09-24,1.34,1.34,1.37,1.34,1.37,145000
2019-09-25,1.36,1.36,1.36,1.36,1.36,15000
2019-09-26,1.36,1.35,1.35,1.35,1.35,20000
2019-09-27,1.38,1.39,1.39,1.37,1.37,40000
2019-10-01,1.41,NULL,NULL,NULL,NULL,0
2019-10-02,1.43,1.43,1.45,1.43,1.45,15000
2019-10-03,1.49,1.49,1.49,1.49,1.49,15000
2019-10-04,1.46,NULL,NULL,NULL,NULL,0
2019-10-07,1.48,NULL,NULL,NULL,NULL,0
2019-10-08,1.33,1.33,1.45,1.33,1.45,48000
2019-10-09,1.37,1.35,1.36,1.35,1.36,28000
2019-10-14,1.16,1.15,1.20,1.14,1.20,85000
2019-10-15,1.17,1.17,1.17,1.16,1.16,22000
2019-10-16,1.17,1.17,1.18,1.10,1.14,95000
2019-10-17,1.16,1.15,1.15,1.15,1.15,15000
2019-10-18,1.21,NULL,NULL,NULL,NULL,0
2019-10-21,1.22,NULL,NULL,NULL,NULL,0
2019-10-22,1.24,1.22,1.23,1.21,1.23,255000
2019-10-23,1.21,1.20,1.21,1.20,1.21,10000
2019-10-24,1.25,1.25,1.25,1.20,1.23,25000
2019-10-25,1.25,1.25,1.28,1.25,1.26,15000
2019-10-28,1.19,1.19,1.22,1.18,1.18,80000
2019-10-29,1.18,1.18,1.19,1.16,1.17,40000
2019-10-30,1.22,1.23,1.23,1.20,1.22,100000
2019-10-31,1.21,1.20,1.21,1.20,1.21,30000
2019-11-01,0.22,1.15,1.20,1.15,1.20,90000
2019-11-04,1.04,1.03,1.04,1.03,1.04,28000
2019-11-05,0.95,1.03,1.03,1.03,1.03,10000
2019-11-06,0.99,1.00,1.00,1.00,1.00,10000
2019-11-07,1.01,1.02,1.02,1.02,1.02,50000
2019-11-08,1.01,0.97,0.97,0.97,0.97,50000
2019-11-11,1.11,1.09,1.09,1.05,1.05,62000
2019-11-12,1.14,1.16,1.16,1.12,1.12,54000
2019-11-13,1.15,NULL,NULL,NULL,NULL,0
2019-11-14,1.13,NULL,NULL,NULL,NULL,0
2019-11-15,1.13,NULL,NULL,NULL,NULL,0
2019-11-18,1.10,1.11,1.11,1.11,1.11,12000
2019-11-19,1.07,1.05,1.06,1.05,1.06,10000
2019-11-20,1.10,1.09,1.09,1.09,1.09,2000
2019-11-21,1.17,1.18,1.19,1.15,1.19,217000
2019-11-22,1.20,1.17,1.17,1.17,1.17,5000
2019-11-25,1.18,1.19,1.22,1.19,1.22,64000
2019-11-26,1.14,1.13,1.15,1.11,1.15,240000
2019-11-27,1.15,1.14,1.15,1.14,1.15,110000
2019-11-28,1.18,1.18,1.18,1.13,1.13,25000
2019-11-29,1.33,1.33,1.33,1.20,1.20,195000
2019-12-02,1.28,NULL,NULL,NULL,NULL,0
2019-12-03,1.24,NULL,NULL,NULL,NULL,0
2019-12-04,1.23,1.24,1.26,1.24,1.26,12000
2019-12-05,1.21,1.21,1.21,1.18,1.21,352000
2019-12-06,1.14,1.15,1.17,1.14,1.17,709000
2019-12-09,1.14,1.11,1.12,1.11,1.12,24000
2019-12-10,1.13,1.13,1.14,1.13,1.13,605000
